Activ;IdActiv;SousActiv;IdActiv
Activ;IdActiv;Equipe;IdActiv
Activ;IdActiv;Glossaire;IdActiv
Axe;IdAxe;Formulaire_Axe;IdAxe
Axe;IdAxe;Reponse_Axe;IdAxe
Equipe;IdEquipe;Equipe_Membre;IdEquipe
Equipe;IdEquipe;ForumPrefs_CopieCourrielEquipe;IdEquipe
Equipe;IdEquipe;MessageForum_Equipe;IdEquipe
Equipe;IdEquipe;SujetForum_Equipe;IdEquipe
Evenement;IdEven;Evenement_Detail;IdEven
Formation;IdForm;Module;IdForm
Formation;IdForm;Equipe;IdForm
Formation;IdForm;DossierFormations_Formation;IdForm
Formation;IdForm;Evenement_Detail;IdForm
Formation;IdForm;Formation_Concepteur;IdForm
Formation;IdForm;Formation_Inscrit;IdForm
Formation;IdForm;Formation_Resp;IdForm
Formation;IdForm;Formation_Tuteur;IdForm
Formation;IdForm;Glossaire;IdForm
Formulaire;IdForm;FormulaireComplete;IdForm
Formulaire;IdForm;Formulaire_Axe;IdForm
Formulaire;IdForm;ObjetFormulaire;IdForm
FormulaireComplete;IdFC;FormulaireComplete_SousActiv;IdFC
FormulaireComplete;IdFC;ReponseCar;IdFC
FormulaireComplete;IdFC;ReponseEntier;IdFC
FormulaireComplete;IdFC;ReponseFlottant;IdFC
FormulaireComplete;IdFC;ReponseTexte;IdFC
Forum;IdForum;Forum;IdForumParent
Forum;IdForum;ForumPrefs;IdForum
Forum;IdForum;SujetForum;IdForum
ForumPrefs;IdForumPrefs;ForumPrefs_CopieCourrielEquipe;IdForumPrefs
Intitule;IdIntitule;Module;IdIntitule
Intitule;IdIntitule;Module_Rubrique;IdIntitule
MessageForum;IdMessageForum;MessageForum_Equipe;IdMessageForum
MessageForum;IdMessageForum;MessageForum_Ressource;IdMessageForum
Module;IdMod;Module_Rubrique;IdMod
Module;IdMod;Equipe;IdMod
Module;IdMod;Forum;IdMod
Module;IdMod;Glossaire;IdMod
Module;IdMod;Module_Concepteur;IdMod
Module;IdMod;Module_Inscrit;IdMod
Module;IdMod;Module_Tuteur;IdMod
Module_Rubrique;IdRubrique;Activ;IdRubrique
Module_Rubrique;IdRubrique;Equipe;IdRubrique
Module_Rubrique;IdRubrique;Chat;IdRubrique
Module_Rubrique;IdRubrique;Forum;IdRubrique
Module_Rubrique;IdRubrique;Glossaire;IdRubrique
ObjetFormulaire;IdObjForm;MPSeparateur;IdObjForm
ObjetFormulaire;IdObjForm;MPTexte;IdObjForm
ObjetFormulaire;IdObjForm;QCocher;IdObjForm
ObjetFormulaire;IdObjForm;QListeDeroul;IdObjForm
ObjetFormulaire;IdObjForm;QNombre;IdObjForm
ObjetFormulaire;IdObjForm;QRadio;IdObjForm
ObjetFormulaire;IdObjForm;QTexteCourt;IdObjForm
ObjetFormulaire;IdObjForm;QTexteLong;IdObjForm
ObjetFormulaire;IdObjForm;Reponse;IdObjForm
ObjetFormulaire;IdObjForm;ReponseCar;IdObjForm
ObjetFormulaire;IdObjForm;ReponseEntier;IdObjForm
ObjetFormulaire;IdObjForm;ReponseFlottant;IdObjForm
ObjetFormulaire;IdObjForm;ReponseTexte;IdObjForm
Permission;IdPermission;Statut_Permission;IdPermission
Personne;IdPers;Formation;IdPers
Personne;IdPers;Projet_Admin;IdPers
Personne;IdPers;SousActiv;IdPers
Personne;IdPers;DossierFormations;IdPers
Personne;IdPers;Module;IdPers
Personne;IdPers;Module_Rubrique;IdPers
Personne;IdPers;Projet_Resp;IdPers
Personne;IdPers;Equipe_Membre;IdPers
Personne;IdPers;Evenement;IdPers
Personne;IdPers;Formation_Concepteur;IdPers
Personne;IdPers;Formation_Inscrit;IdPers
Personne;IdPers;Formation_Resp;IdPers
Personne;IdPers;Formation_Tuteur;IdPers
Personne;IdPers;Formulaire;IdPers
Personne;IdPers;FormulaireComplete_Evaluation;IdPers
Personne;IdPers;Forum;IdPers
Personne;IdPers;ForumPrefs;IdPers
Personne;IdPers;MessageForum;IdPers
Personne;IdPers;Module_Concepteur;IdPers
Personne;IdPers;Projet_Concepteur;IdPers
Personne;IdPers;Module_Inscrit;IdPers
Personne;IdPers;Module_Tuteur;IdPers
Personne;IdPers;Ressource;IdPers
Personne;IdPers;Ressource_SousActiv_Evaluation;IdPers
Personne;IdPers;Ressource_SousActiv_Vote;IdPers
Personne;IdPers;SousActivInvisible;IdPers
Personne;IdPers;SujetForum;IdPers
Reponse;IdReponse;Reponse_Axe;IdReponse
Ressource;IdRes;MessageForum_Ressource;IdRes
Ressource;IdRes;Ressource_SousActiv;IdRes
Ressource;IdRes;Ressource_SousActiv_FichierEvaluation;IdRes
Ressource_SousActiv;IdResSousActiv;Ressource_SousActiv_Evaluation;IdResSousActiv
Ressource_SousActiv;IdResSousActiv;Ressource_SousActiv_FichierEvaluation;IdResSousActiv
Ressource_SousActiv;IdResSousActiv;Ressource_SousActiv_Vote;IdResSousActiv
Ressource_SousActiv;IdResSousActiv;SousActiv_Ressource_SousActiv;IdResSousActiv
SousActiv;IdSousActiv;Equipe;IdSousActiv
SousActiv;IdSousActiv;Chat;IdSousActiv
SousActiv;IdSousActiv;FormulaireComplete_SousActiv;IdSousActiv
SousActiv;IdSousActiv;Forum;IdSousActiv
SousActiv;IdSousActiv;Glossaire;IdSousActiv
SousActiv;IdSousActiv;Ressource_SousActiv;IdSousActiv
SousActiv;IdSousActiv;SousActivInvisible;IdSousActiv
SousActiv;IdSousActiv;SousActiv_Ressource_SousActiv;IdSousActiv
SousActiv;IdSousActiv;SousActiv_SousActiv;IdSousActiv
SousActiv;IdSousActiv;SousActiv_SousActiv;IdSousActivRef
SujetForum;IdSujetForum;MessageForum;IdSujetForum
SujetForum;IdSujetForum;SujetForum_Equipe;IdSujetForum
TypeObjetForm;IdTypeObj;ObjetFormulaire;IdTypeObj
TypeSousActiv;IdTypeSousActiv;SousActiv;IdTypeSousActiv
TypeStatutPers;IdStatut;Statut_Permission;IdStatut
